Regression Tree,
,Test set
ME,-0.849134008
RMSE,36.70018285
MAE,26.81123164
MPE,-2910.329032
MAPE,2931.641008
,
Neural Network,
RMSE,45.38
